"DESCRIPTION","DURATION IN MS","NAME","PARENT SUITE","START TIME","STATUS","STOP TIME","SUB SUITE","SUITE","TEST CLASS","TEST METHOD"
"","3609","@smoke cart exist on Login page","chromium","2026-10-06","passed","2026-10-06","","fixtures/searchPage.spec.ts","",""
"","355","@smoke @regression GET API -get all users","chromium","2026-10-06","passed","2026-10-06","running e2e go rest crud apis test","api/user.api.serial.spec.ts","",""
"","3211","@smoke intercept and log request","chromium","2026-10-06","passed","2026-10-06","","api/intercept.mocking.spec.ts","",""
"","4890","@smoke fill new registration data test","chromium","2026-10-06","passed","2026-10-06","","fixtures/regPagefix.spec.ts","",""
"","9511","@smoke verify user is able to land on the product page 7 iphone , iPhone","chromium","2026-10-06","passed","2026-10-06","","fixtures/searchPage.spec.ts","",""
"","3302","@smoke company logo exist on Login page","chromium","2026-10-06","passed","2026-10-06","","fixtures/searchPage.spec.ts","",""
"","2403","@smoke footer exist on Login page","chromium","2026-10-06","passed","2026-10-06","","fixtures/loginPagefix.spec.ts","",""
"","2353","@smoke @regression login page title test","chromium","2026-10-06","passed","2026-10-06","","fixtures/loginPagefix.spec.ts","",""
"","1587","@smoke get a user -test the schema","chromium","2026-10-06","passed","2026-10-06","","api/user.api.schema.spec.ts","",""
"","3454","@smoke footer exist on Login page","chromium","2026-10-06","passed","2026-10-06","","fixtures/productPage.spec.ts","",""
"","3346","@smoke company logo exist on Login page","chromium","2026-10-06","passed","2026-10-06","","fixtures/homePagefix.spec.ts","",""
"","9334","@smoke verify user is able to land on the product page 0 macbook , MacBook","chromium","2026-10-06","passed","2026-10-06","","fixtures/searchPage.spec.ts","",""
"","3493","@smoke search box exist on Login page","chromium","2026-10-06","passed","2026-10-06","","fixtures/searchPage.spec.ts","",""
"","4063","@smoke reg page title test","chromium","2026-10-06","passed","2026-10-06","","fixtures/regPagefix.spec.ts","",""
"","9469","@smoke verify user is able to land on the product page 4 samsung , Samsung SyncMaster 941BW","chromium","2026-10-06","passed","2026-10-06","","fixtures/searchPage.spec.ts","",""
"","2442","@smoke cart exist on Login page","chromium","2026-10-06","passed","2026-10-06","","fixtures/loginPagefix.spec.ts","",""
"","9644","@smoke verify user is able to land on the product page 3 imac , iMac","chromium","2026-10-06","passed","2026-10-06","","fixtures/searchPage.spec.ts","",""
"","3381","@smoke footer exist on Login page","chromium","2026-10-06","passed","2026-10-06","","fixtures/searchPage.spec.ts","",""
"","3454","@smoke footer exist on Login page","chromium","2026-10-06","passed","2026-10-06","","fixtures/homePagefix.spec.ts","",""
"","3502","@smoke company logo exist on Login page","chromium","2026-10-06","passed","2026-10-06","","fixtures/productPage.spec.ts","",""
"","3493","@smoke search box exist on Login page","chromium","2026-10-06","passed","2026-10-06","","fixtures/productPage.spec.ts","",""
"","9623","@smoke verify user is able to land on the product page 5 samsung , Samsung Galaxy Tab 10.1","chromium","2026-10-06","passed","2026-10-06","","fixtures/searchPage.spec.ts","",""
"","9408","@smoke verify user is able to land on the product page 6 canon , Canon EOS 5D","chromium","2026-10-06","passed","2026-10-06","","fixtures/searchPage.spec.ts","",""
"","2407","@smoke company logo exist on Login page","chromium","2026-10-06","passed","2026-10-06","","fixtures/loginPagefix.spec.ts","",""
"","2483","@smoke search box exist on Login page","chromium","2026-10-06","passed","2026-10-06","","fixtures/loginPagefix.spec.ts","",""
"","9802","@smoke verify user is able to land on the product page 2 macbook , MacBook Air","chromium","2026-10-06","passed","2026-10-06","","fixtures/searchPage.spec.ts","",""
"","9576","@smoke verify user is able to land on the product page 1 macbook , MacBook Pro","chromium","2026-10-06","passed","2026-10-06","","fixtures/searchPage.spec.ts","",""
"","3517","@smoke cart exist on Login page","chromium","2026-10-06","passed","2026-10-06","","fixtures/productPage.spec.ts","",""
"","3451","@smoke search box exist on Login page","chromium","2026-10-06","passed","2026-10-06","","fixtures/homePagefix.spec.ts","",""
"","3332","@smoke home page title test","chromium","2026-10-06","passed","2026-10-06","","fixtures/homePagefix.spec.ts","",""
"","3558","@smoke logout link exist or not test","chromium","2026-10-06","passed","2026-10-06","","fixtures/homePagefix.spec.ts","",""
"","846","@smoke Get the chapters test","chromium","2026-10-06","passed","2026-10-06","","api/spotify.oaut2.spec.ts","",""
"","3461","@smoke cart exist on Login page","chromium","2026-10-06","passed","2026-10-06","","fixtures/homePagefix.spec.ts","",""
"","5260","@smoke verify product header test","chromium","2026-10-06","passed","2026-10-06","","fixtures/productPage.spec.ts","",""
